time,ip_address
1279548326,202.89.69.142
1279560007,110.45.35.93
1279573889,95.188.230.91
1279581364,94.96.180.158
1279597790,68.123.22.58
1279685575,85.15.43.255
1279692455,202.52.225.12
1279720771,41.14.255.211
1279727697,115.241.92.254
1279734519,58.8.51.203
1279748391,94.96.180.158
1279626154,89.231.195.135
1279640500,121.245.96.23
1279669275,194.44.200.138
1279781824,125.21.216.6
1279811661,119.155.7.54
1280674847,110.172.135.245
1280681641,193.107.225.35
1280703440,89.47.118.67
1280714916,121.188.251.34
1280604061,58.8.1.152
1280632968,61.31.25.234
1280483868,213.155.241.172
1280504719,41.140.6.12
1280511529,77.30.103.76
1280394213,118.176.106.35
1280415930,189.13.72.92
1280422909,95.52.254.95
1280429887,148.204.48.46
1280444325,189.27.98.157
1280454829,201.230.75.12
1280355327,91.140.184.6
1280364884,41.191.110.19
1280212809,122.180.116.226
1280241522,58.11.82.248
1280260155,94.178.107.13
1280162724,77.223.218.27
1280737139,94.79.4.4
1280750296,123.193.222.249
